{
  "emulators": {
    "default": {
      "port": 3569,
      "serviceAccount": "emulator-account"
    }
  },
  "contracts": {
    "NonFungibleToken": {
      "source": "./contracts/NonFungibleToken.cdc",
      "aliases": {
        "emulator": "0xf8d6e0586b0a20c7",
        "testing": "0x0000000000000001",
        "testnet": "0x631e88ae7f1d7c20",
        "mainnet": "0x1d7e57aa55817448"
      }
    },
    "MetadataViews": {
      "source": "./contracts/MetadataViews.cdc",
      "aliases": {
        "testing": "0x0000000000000001"
      }
    },
    "ViewResolver": {
      "source": "./contracts/ViewResolver.cdc",
      "aliases": {
        "testing": "0x0000000000000001"
      }
    },
    "ExampleNFT": {
      "source": "./contracts/ExampleNFT.cdc",
      "aliases": {
        "testing": "0x0000000000000007"
      }
    },
    "FungibleToken": {
      "source": "./contracts/utility/FungibleToken.cdc",
      "aliases": {
        "testing": "0x0000000000000002"
      }
    },
    "NFTForwarding": {
      "source": "./contracts/utility/NFTForwarding.cdc",
      "aliases": {
        "testing": "0x0000000000000007"
      }
    }
  },
  "networks": {
    "emulator": "127.0.0.1:3569",
    "testing": "127.0.0.1:3569",
    "mainnet": "access.mainnet.nodes.onflow.org:9000",
    "testnet": "access.devnet.nodes.onflow.org:9000"
  },
  "accounts": {
    "emulator-account": {
      "address": "0xf8d6e0586b0a20c7",
      "key": "1a05ba433be5af2988e814d1e4fa08f1574140e6cb5649a861cc6377718c51be"
    }
  },
  "deployments": {
    "emulator": {
      "emulator-account": [
        "NonFungibleToken",
        "ViewResolver",
        "ExampleNFT",
        "MetadataViews",
        "FungibleToken",
        "NFTForwarding"
      ]
    }
  }
}